,genotype.id,genotype.name,genotype.keys,GABI_code
0,236,INNOV,"{'KWS': '214', 'GABI': 'GW0213'}",GW0213
1,369,RENAN,"{'KWS': '348', 'GABI': 'GW0354'}",GW0354
2,190,ISENGRAIN,"{'KWS': '164', 'GABI': 'GW0160'}",GW0160
3,343,MONTY,"{'KWS': '321', 'GABI': 'GW0323'}",GW0323
4,231,BUENO,"{'KWS': '209', 'GABI': 'GW0208'}",GW0208
5,9,FORNO,{'DSP': '111.10046'},
6,69,HERMANN,"{'KWS': '39', 'GABI': 'GW0039'}",GW0039
7,64,ESKET,"{'KWS': '33', 'GABI': 'GW0033'}",GW0033
8,128,WINNETOU,"{'KWS': '100', 'GABI': 'GW0095'}",GW0095
9,273,FRIDOLIN,"{'KWS': '251', 'GABI': 'GW0251'}",GW0251
10,377,HUSSAR,"{'KWS': '356', 'GABI': 'GW0345'}",GW0345
11,424,CH NARA,{'DSP': '111.13197'},
12,349,VELOCITY,"{'KWS': '328', 'GABI': 'GW0330'}",GW0330
13,168,DINOSOR,"{'KWS': '142', 'GABI': 'GW0138'}",GW0138
14,153,AZZURO,"{'KWS': '126', 'GABI': 'GW0122'}",GW0122
15,162,CARIBOU,"{'KWS': '136', 'GABI': 'GW0132'}",GW0132
16,1,CH CLARO,{'DSP': '111.12754'},
17,195,MAXYL,"{'KWS': '170', 'GABI': 'GW0166'}",GW0166
18,111,SOBI,"{'KWS': '83', 'GABI': 'GW0080'}",GW0080
19,70,HEROLDO,"{'KWS': '40', 'GABI': 'GW0040'}",GW0040
20,76,KOCH,"{'KWS': '46', 'GABI': 'GW0044'}",GW0044
21,292,KORWETA,"{'KWS': '270', 'GABI': 'GW0272'}",GW0272
22,63,FEDOR,"{'KWS': '34', 'GABI': 'GW0034'}",GW0034
23,159,BRANDO,"{'KWS': '132', 'GABI': 'GW0128'}",GW0128
24,150,AUTAN,"{'KWS': '123', 'GABI': 'GW0119'}",GW0119
25,210,PULSAR,"{'KWS': '185', 'GABI': 'GW0182'}",GW0182
26,14,MULAN,{'GABI': 'GW0062'},GW0062
27,305,SMUGA,"{'KWS': '283', 'GABI': 'GW0285'}",GW0285
28,125,TUKAN,"{'KWS': '97', 'GABI': 'GW0092'}",GW0092
29,324,BROMPTON,"{'KWS': '302', 'GABI': 'GW0304'}",GW0304
30,447,FIORINA,{'DSP': '211.11489'},
31,29,SURETTA,{'DSP': '111.13248'},
32,274,GLOBUS,"{'KWS': '252', 'GABI': 'GW0252'}",GW0252
33,378,URBAN,"{'KWS': '357', 'GABI': 'GW0359'}",GW0359
34,302,RYWALKA,"{'KWS': '280', 'GABI': 'GW0282'}",GW0282
35,79,LEIFFER,"{'KWS': '49', 'GABI': 'GW0047'}",GW0047
36,291,KOBRA PLUS,"{'KWS': '269', 'GABI': 'GW0271'}",GW0271
37,101,PRIVILEG,"{'KWS': '73', 'GABI': 'GW0071'}",GW0071
38,61,ENORM,"{'KWS': '32', 'GABI': 'GW0032'}",GW0032
39,91,MIRAGE,"{'KWS': '62', 'GABI': 'GW0060'}",GW0060
40,16,ORZIVAL,{'DSP': '194.10134'},
41,293,LEGENDA,"{'KWS': '271', 'GABI': 'GW0273'}",GW0273
42,161,CAMPERO,"{'KWS': '134', 'GABI': 'GW0130'}",GW0130
43,362,IBIS,"{'KWS': '341', 'GABI': 'GW0346'}",GW0346
44,452,MONTALBANO,{'DSP': '111.15145'},
45,321,ALCHEMY,"{'KWS': '299', 'GABI': 'GW0301'}",GW0301
46,260,SMUGGLER,"{'KWS': '238', 'GABI': 'GW0237'}",GW0237
47,365,MIKON,"{'KWS': '344', 'GABI': 'GW0349'}",GW0349
48,46,BUTEO,"{'KWS': '16', 'GABI': 'GW0016'}",GW0016
49,342,MASCOT,"{'KWS': '320', 'GABI': 'GW0322'}",GW0322
50,389,H05606,"{'KWS': '368', 'GABI': 'GW0375'}",GW0375
51,167,CRAKLIN,"{'KWS': '141', 'GABI': 'GW0137'}",GW0137
52,198,NIRVANA,"{'KWS': '173', 'GABI': 'GW0169'}",GW0169
53,57,DISCUS,"{'KWS': '28', 'GABI': 'GW0028'}",GW0028
54,245,ALTIGO,"{'KWS': '223', 'GABI': 'GW0221'}",GW0221
55,135,LINDOS,"{'KWS': '107', 'GABI': 'GW0102'}",GW0102
56,164,CEZANNE,"{'KWS': '138', 'GABI': 'GW0134'}",GW0134
57,33,AKTEUR,"{'KWS': '3', 'GABI': 'GW0003'}",GW0003
58,267,ACHAT,"{'KWS': '245', 'GABI': 'GW0244'}",GW0244
59,346,ROBIGUS,"{'KWS': '324', 'GABI': 'GW0326'}",GW0326
60,262,SYMBOL,"{'KWS': '240', 'GABI': 'GW0239'}",GW0239
61,112,SOKRATES,"{'KWS': '84', 'GABI': 'GW0081'}",GW0081
62,358,EXSEPT,"{'KWS': '337', 'GABI': 'GW0341'}",GW0341
63,44,BRILLIANT,"{'KWS': '14', 'GABI': 'GW0014'}",GW0014
64,98,PETRUS,"{'KWS': '70', 'GABI': 'GW0068'}",GW0068
65,459,ROSATCH,{'DSP': '111.15185'},
66,237,ORATORIO,"{'KWS': '215', 'GABI': 'GW0214'}",GW0214
67,244,ALDRIC,"{'KWS': '222', 'GABI': 'GW0220'}",GW0220
68,189,INTENSE,"{'KWS': '163', 'GABI': 'GW0159'}",GW0159
69,248,IRIDIUM,"{'KWS': '226', 'GABI': 'GW0224'}",GW0224
70,40,BATIS,"{'KWS': '10', 'GABI': 'GW0010'}",GW0010
71,372,SPERBER,"{'KWS': '351', 'GABI': 'GW0357'}",GW0357
72,136,JULIUS,"{'KWS': '108', 'GABI': 'GW0103'}",GW0103
73,131,CLIFF,"{'KWS': '103', 'GABI': 'GW0098'}",GW0098
74,294,MARKIZA,"{'KWS': '272', 'GABI': 'GW0274'}",GW0274
75,253,CONTUR,"{'KWS': '231', 'GABI': 'GW0230'}",GW0230
76,194,MARCHEVAL,"{'KWS': '169', 'GABI': 'GW0165'}",GW0165
77,212,QUATUOR,"{'KWS': '187', 'GABI': 'GW0184'}",GW0184
78,258,PORTLAND,"{'KWS': '236', 'GABI': 'GW0235'}",GW0235
79,170,EPIDOC,"{'KWS': '144', 'GABI': 'GW0141'}",GW0141
80,137,TIGER,"{'KWS': '109', 'GABI': 'GW0104'}",GW0104
81,56,CONTRA,"{'KWS': '25', 'GABI': 'GW0025'}",GW0025
82,383,KWS SCIROCCO LP 509.3.04,"{'KWS': '362', 'GABI': 'GW0369'}",GW0369
83,50,CARDOS,"{'KWS': '19', 'GABI': 'GW0019'}",GW0019
84,367,PRINZ,"{'KWS': '346', 'GABI': 'GW0351'}",GW0351
85,208,PR 22 R 28,"{'KWS': '183', 'GABI': 'GW0180'}",GW0180
86,450,SAILOR,{'DSP': '191.11175'},
87,270,ELEMENT,"{'KWS': '248', 'GABI': 'GW0248'}",GW0248
88,334,GLASGOW,"{'KWS': '312', 'GABI': 'GW0314'}",GW0314
89,229,INTÉRÊT,"{'KWS': '207', 'GABI': 'GW0206'}",GW0206
90,179,GRISBY,"{'KWS': '153', 'GABI': 'GW0150'}",GW0150
91,13,CAPHORN,{'GABI': 'GW0131'},GW0131
92,284,BATUTA,"{'KWS': '262', 'GABI': 'GW0264'}",GW0264
93,254,FASTNET,"{'KWS': '232', 'GABI': 'GW0231'}",GW0231
94,52,CENTRUM,"{'KWS': '21', 'GABI': 'GW0021'}",GW0021
95,166,CHARGER,"{'KWS': '140', 'GABI': 'GW0136'}",GW0136
96,232,H05581A,"{'KWS': '210', 'GABI': 'GW0209'}",GW0209
97,332,GATSBY,"{'KWS': '310', 'GABI': 'GW0312'}",GW0312
98,300,NUTKA,"{'KWS': '278', 'GABI': 'GW0280'}",GW0280
99,304,SATYNA,"{'KWS': '282', 'GABI': 'GW0284'}",GW0284
100,30,RUNAL,"{'DSP': '111.11420', 'GABI': 'GW0189'}",GW0189
101,171,EQUILIBRE,"{'KWS': '145', 'GABI': 'GW0142'}",GW0142
102,226,CCB INGÉNIO,"{'KWS': '204', 'GABI': 'GW0203'}",GW0203
103,152,AZIMUT,"{'KWS': '125', 'GABI': 'GW0121'}",GW0121
104,106,ROMANUS,"{'KWS': '78', 'GABI': 'GW0075'}",GW0075
105,413,HYSTAR,{'DSP': '142.10137'},
106,320,SW HURTIG,"{'KWS': '297', 'GABI': 'GW0299'}",GW0299
107,113,SOLITÄR,"{'KWS': '85', 'GABI': 'GW0082'}",GW0082
108,243,EUCLIDE,"{'KWS': '221', 'GABI': 'GW0219'}",GW0219
109,121,TORAS,"{'KWS': '93', 'GABI': 'GW0088'}",GW0088
110,60,DRIFTER,"{'KWS': '29', 'GABI': 'GW0029'}",GW0029
111,151,AVANTAGE,"{'KWS': '124', 'GABI': 'GW0120'}",GW0120
112,446,ARNOLD,{'DSP': '191.11177'},
113,141,ACIENDA,"{'KWS': '113', 'GABI': 'GW0109'}",GW0109
114,278,BANQUET,"{'KWS': '256', 'GABI': 'GW0258'}",GW0258
115,356,APOLLO,"{'KWS': '334', 'GABI': 'GW0336'}",GW0336
116,340,MALACCA,"{'KWS': '318', 'GABI': 'GW0320'}",GW0320
117,28,FOREL,{'DSP': '111.12943'},
118,445,MOLINERA,{'DSP': '111.13431'},
119,317,SW HARNESK,"{'KWS': '295', 'GABI': 'GW0297'}",GW0297
120,373,TRAVIX,"{'KWS': '352', 'GABI': 'GW0358'}",GW0358
121,368,RAMIRO,"{'KWS': '347', 'GABI': 'GW0352'}",GW0352
122,218,SEMAFOR,"{'KWS': '194', 'GABI': 'GW0193'}",GW0193
123,448,BERNSTEIN,{'DSP': '191.11297'},
124,142,AGUILA,"{'KWS': '114', 'GABI': 'GW0110'}",GW0110
125,359,HANSEAT,"{'KWS': '338', 'GABI': 'GW0342'}",GW0342
126,183,INCISIF,"{'KWS': '157', 'GABI': 'GW0155'}",GW0155
127,269,CAPO,"{'KWS': '247', 'GABI': 'GW0247'}",GW0247
128,54,CETUS,"{'KWS': '23', 'GABI': 'GW0023'}",GW0023
129,238,RECITAL,"{'KWS': '216', 'GABI': 'GW0215'}",GW0215
130,326,CONSORT,"{'KWS': '304', 'GABI': 'GW0306'}",GW0306
131,463,GENIUS,{'DSP': '191.11227'},
132,19,CH COMBIN,{'DSP': '111.12787'},
133,339,LIMERICK,"{'KWS': '317', 'GABI': 'GW0319'}",GW0319
134,465,DILAGO,{'DSP': '111.14645'},
135,319,SW SKOTTE,"{'KWS': '298', 'GABI': 'GW0300'}",GW0300
136,233,H04438,"{'KWS': '211', 'GABI': 'GW0210'}",GW0210
137,39,ATLANTIS,"{'KWS': '9', 'GABI': 'GW0009'}",GW0009
138,116,SW TOPPER,"{'KWS': '88', 'GABI': 'GW0084'}",GW0084
139,256,HEREFORD,"{'KWS': '234', 'GABI': 'GW0233'}",GW0233
140,6,ARINA,"{'DSP': '111.10010', 'GABI': 'GW0338'}",GW0338
141,67,GREIF,"{'KWS': '37', 'GABI': 'GW0037'}",GW0037
142,177,GARCIA,"{'KWS': '151', 'GABI': 'GW0148'}",GW0148
143,25,CH CAMEDO,{'DSP': '111.13206'},
144,228,CCB PRÉFÉRENCE,"{'KWS': '206', 'GABI': 'GW0205'}",GW0205
145,73,JAFET,"{'KWS': '43', 'GABI': 'GW0380'}",GW0380
146,215,SAMURAI,"{'KWS': '191', 'GABI': 'GW0190'}",GW0190
147,344,MUSKETEER,"{'KWS': '322', 'GABI': 'GW0324'}",GW0324
148,102,PROFILUS,"{'KWS': '74', 'GABI': 'GW0381'}",GW0381
149,191,KLEBER,"{'KWS': '165', 'GABI': 'GW0161'}",GW0161
150,271,ERIWAN,"{'KWS': '249', 'GABI': 'GW0249'}",GW0249
151,376,CAESAR,"{'KWS': '355', 'GABI': 'GW0339'}",GW0339
152,96,PAMIER,"{'KWS': '68', 'GABI': 'GW0383'}",GW0383
153,108,SKAGEN,"{'KWS': '80', 'GABI': 'GW0077'}",GW0077
154,382,MARIN,"{'KWS': '361', 'GABI': 'GW0368'}",GW0368
155,71,IMPRESSION,"{'KWS': '41', 'GABI': 'GW0041'}",GW0041
156,460,POSMEDA,{'DSP': '111.15398'},
157,149,AUBUSSON,"{'KWS': '122', 'GABI': 'GW0118'}",GW0118
158,282,SEMPER,"{'KWS': '260', 'GABI': 'GW0262'}",GW0262
159,352,ZEBEDEE,"{'KWS': '330', 'GABI': 'GW0332'}",GW0332
160,462,HANSWIN+MONTALTO,{'DSP': '151.10193'},
161,118,TAMBOR,"{'KWS': '90', 'GABI': 'GW0085'}",GW0085
162,240,ASTRADO,"{'KWS': '218', 'GABI': 'GW0246'}",GW0246
163,188,INTACT,"{'KWS': '162', 'GABI': 'GW0158'}",GW0158
164,355,VIVANT,"{'KWS': '333', 'GABI': 'GW0335'}",GW0335
165,307,TONACJA,"{'KWS': '285', 'GABI': 'GW0287'}",GW0287
166,155,BALANCE,"{'KWS': '128', 'GABI': 'GW0124'}",GW0124
167,180,HAMAC,"{'KWS': '154', 'GABI': 'GW0151'}",GW0151
168,104,RETRO,"{'KWS': '76', 'GABI': 'GW0073'}",GW0073
169,322,AMBROSIA,"{'KWS': '300', 'GABI': 'GW0302'}",GW0302
170,386,VANEK,"{'KWS': '365', 'GABI': 'GW0372'}",GW0372
171,239,PR22R58,"{'KWS': '217', 'GABI': 'GW0216'}",GW0216
172,202,ORNICAR,"{'KWS': '177', 'GABI': 'GW0173'}",GW0173
173,26,ZINAL,{'DSP': '194.10077'},
174,449,MONTALTO,{'DSP': '111.14316'},
175,65,FLAIR,"{'KWS': '35', 'GABI': 'GW0035'}",GW0035
176,75,JENGA,"{'KWS': '45', 'GABI': 'GW0043'}",GW0043
177,187,INSTINCT,"{'KWS': '161', 'GABI': 'GW0157'}",GW0157
178,303,RUBENS,"{'KWS': '281', 'GABI': 'GW0283'}",GW0283
179,384,KWS CHAMSIN LP 779.2.04,"{'KWS': '363', 'GABI': 'GW0370'}",GW0370
180,53,COMPLIMENT,"{'KWS': '24', 'GABI': 'GW0024'}",GW0024
181,272,EUROJET,"{'KWS': '250', 'GABI': 'GW0250'}",GW0250
182,133,FLORETT,"{'KWS': '105', 'GABI': 'GW0100'}",GW0100
183,214,ROYSSAC,"{'KWS': '189', 'GABI': 'GW0188'}",GW0188
184,201,ORDEAL,"{'KWS': '176', 'GABI': 'GW0172'}",GW0172
185,341,MARKSMAN,"{'KWS': '319', 'GABI': 'GW0321'}",GW0321
186,468,RUBISKO,{'DSP': '191.11387'},
187,357,ARES,"{'KWS': '335', 'GABI': 'GW0337'}",GW0337
188,130,ZOBEL,"{'KWS': '102', 'GABI': 'GW0097'}",GW0097
189,58,DEKAN,"{'KWS': '27', 'GABI': 'GW0027'}",GW0027
190,299,NATEJA,"{'KWS': '277', 'GABI': 'GW0279'}",GW0279
191,456,SPONTAN,{'DSP': '191.11364'},
192,36,ANTHUS,"{'KWS': '6', 'GABI': 'GW0006'}",GW0006
193,156,BALTIMOR,"{'KWS': '129', 'GABI': 'GW0125'}",GW0125
194,318,SW HARPUN,"{'KWS': '296', 'GABI': 'GW0298'}",GW0298
195,333,GLADIATOR,"{'KWS': '311', 'GABI': 'GW0313'}",GW0313
196,114,SOPHYTRA,"{'KWS': '86', 'GABI': 'GW0385'}",GW0385
197,184,INOUI,"{'KWS': '158', 'GABI': 'GW0156'}",GW0156
198,5,LEVIS,"{'DSP': '111.11834', 'GABI': 'GW0162'}",GW0162
199,230,EXPERT,"{'KWS': '208', 'GABI': 'GW0207'}",GW0207
200,287,FINEZJA,"{'KWS': '265', 'GABI': 'GW0267'}",GW0267
201,144,ALLISTER,"{'KWS': '116', 'GABI': 'GW0113'}",GW0113
202,126,TULSA,"{'KWS': '98', 'GABI': 'GW0093'}",GW0093
203,81,LUCIUS,"{'KWS': '51', 'GABI': 'GW0049'}",GW0049
204,41,BISCAY,"{'KWS': '11', 'GABI': 'GW0011'}",GW0011
205,227,INÉDIT,"{'KWS': '205', 'GABI': 'GW0204'}",GW0204
206,308,WYDMA,"{'KWS': '286', 'GABI': 'GW0288'}",GW0288
207,134,HISTORY,"{'KWS': '106', 'GABI': 'GW0101'}",GW0101
208,43,BORNEO,"{'KWS': '13', 'GABI': 'GW0013'}",GW0013
209,363,KANZLER,"{'KWS': '342', 'GABI': 'GW0347'}",GW0347
210,117,TABASCO,"{'KWS': '89', 'GABI': 'GW0382'}",GW0382
211,297,NADOBNA,"{'KWS': '275', 'GABI': 'GW0277'}",GW0277
212,249,AUDI,"{'KWS': '227', 'GABI': 'GW0225'}",GW0225
213,285,BOGATKA,"{'KWS': '263', 'GABI': 'GW0265'}",GW0265
214,154,BAGATELLE 007,"{'KWS': '127', 'GABI': 'GW0123'}",GW0123
215,242,BERMUDE,"{'KWS': '220', 'GABI': 'GW0218'}",GW0218
216,309,ZAWISZA,"{'KWS': '287', 'GABI': 'GW0289'}",GW0289
217,259,SENAT,"{'KWS': '237', 'GABI': 'GW0236'}",GW0236
218,289,IZYDA,"{'KWS': '267', 'GABI': 'GW0269'}",GW0269
219,82,MAGISTER,"{'KWS': '53', 'GABI': 'GW0051'}",GW0051
220,205,PALADAIN,"{'KWS': '180', 'GABI': 'GW0176'}",GW0176
221,454,LAGALP,{'DSP': '111.15049'},
222,224,TROCADERO,"{'KWS': '202', 'GABI': 'GW0201'}",GW0201
223,335,GULLIVER,"{'KWS': '313', 'GABI': 'GW0315'}",GW0315
224,295,MEWA,"{'KWS': '273', 'GABI': 'GW0275'}",GW0275
225,185,RICHEPAIN,"{'KWS': '159', 'GABI': 'GW0186'}",GW0186
226,209,PR22R20,"{'KWS': '184', 'GABI': 'GW0181'}",GW0181
227,8,MAGNO,{'DSP': '111.13563'},
228,263,TORKIL,"{'KWS': '241', 'GABI': 'GW0240'}",GW0240
229,366,ORESTIS,"{'KWS': '345', 'GABI': 'GW0350'}",GW0350
230,89,MEUNIER,"{'KWS': '60', 'GABI': 'GW0058'}",GW0058
231,85,MANDUB,"{'KWS': '56', 'GABI': 'GW0054'}",GW0054
232,84,MANAGER,"{'KWS': '55', 'GABI': 'GW0053'}",GW0053
233,23,HANSWIN,{'DSP': '111.14158'},
234,88,METEOR,"{'KWS': '59', 'GABI': 'GW0057'}",GW0057
235,235,H03309,"{'KWS': '213', 'GABI': 'GW0212'}",GW0212
236,172,EQUINOX,"{'KWS': '146', 'GABI': 'GW0143'}",GW0143
237,310,ZYTA,"{'KWS': '288', 'GABI': 'GW0290'}",GW0290
238,264,TRINTELLA,"{'KWS': '242', 'GABI': 'GW0241'}",GW0241
239,286,FIGURA,"{'KWS': '264', 'GABI': 'GW0266'}",GW0266
240,17,TITLIS,"{'DSP': '111.11706', 'GABI': 'GW0199'}",GW0199
241,27,SIMANO,{'DSP': '111.13726'},
242,370,SAVANNAH,"{'KWS': '349', 'GABI': 'GW0355'}",GW0355
243,72,INSPIRATION,"{'KWS': '42', 'GABI': 'GW0042'}",GW0042
244,176,FORBAN,"{'KWS': '150', 'GABI': 'GW0147'}",GW0147
245,3,LUDWIG,"{'DSP': '192.10178', 'GABI': 'GW0050'}",GW0050
246,331,EINSTEIN,"{'KWS': '309', 'GABI': 'GW0311'}",GW0311
247,466,PONCIONE,{'DSP': '111.15242'},
248,206,PARADOR,"{'KWS': '182', 'GABI': 'GW0178'}",GW0178
249,115,STRIKER,"{'KWS': '87', 'GABI': 'GW0083'}",GW0083
250,138,EXOTIC,"{'KWS': '110', 'GABI': 'GW0105'}",GW0105
251,219,SEYRAC,"{'KWS': '195', 'GABI': 'GW0194'}",GW0194
252,90,MILVUS,"{'KWS': '61', 'GABI': 'GW0059'}",GW0059
253,109,SKALMEJE,"{'KWS': '81', 'GABI': 'GW0078'}",GW0078
254,94,OLIVIN,"{'KWS': '66', 'GABI': 'GW0065'}",GW0065
255,375,PHILIUS,"{'KWS': '354', 'GABI': 'GW294A'}",GW294A
256,42,BOOMER,"{'KWS': '12', 'GABI': 'GW0012'}",GW0012
257,11,CAMBRENA,{'DSP': '194.10119'},
258,345,OAKLEY,"{'KWS': '323', 'GABI': 'GW0325'}",GW0325
259,160,CALISTO,"{'KWS': '133', 'GABI': 'GW0129'}",GW0129
260,220,SISLEY,"{'KWS': '196', 'GABI': 'GW0195'}",GW0195
261,451,BARETTA,{'DSP': '111.15126'},
262,276,VITUS,"{'KWS': '254', 'GABI': 'GW0254'}",GW0254
263,62,ELLVIS,"{'KWS': '31', 'GABI': 'GW0031'}",GW0031
264,330,DUXFORD,"{'KWS': '308', 'GABI': 'GW0310'}",GW0310
265,10,CHAUMONT,{'DSP': '211.13058'},
266,145,ARACK,"{'KWS': '118', 'GABI': 'GW0114'}",GW0114
267,181,HAUSSMANN,"{'KWS': '155', 'GABI': 'GW0152'}",GW0152
268,192,LONA,"{'KWS': '167', 'GABI': 'GW0163'}",GW0163
269,328,CPBT W130,"{'KWS': '306', 'GABI': 'GW0308'}",GW0308
270,146,AROBASE,"{'KWS': '119', 'GABI': 'GW0115'}",GW0115
271,364,LYNX,"{'KWS': '343', 'GABI': 'GW0348'}",GW0348
272,20,PROBUS,{'DSP': '111.10001'},
273,124,TUAREG,"{'KWS': '96', 'GABI': 'GW0091'}",GW0091
274,83,MAGNUS,"{'KWS': '54', 'GABI': 'GW0052'}",GW0052
275,100,POTENZIAL,"{'KWS': '72', 'GABI': 'GW0070'}",GW0070
276,93,NATURASTAR,"{'KWS': '65', 'GABI': 'GW0064'}",GW0064
277,92,MONOPOL,"{'KWS': '63', 'GABI': 'GW0061'}",GW0061
278,193,MACRO,"{'KWS': '168', 'GABI': 'GW0164'}",GW0164
279,140,LOCH 3754 ADLON,"{'KWS': '112', 'GABI': 'GW0107'}",GW0107
280,21,PAPAGENO,{},
281,148,ATTLASS,"{'KWS': '121', 'GABI': 'GW0117'}",GW0117
282,296,MUZA,"{'KWS': '274', 'GABI': 'GW0276'}",GW0276
283,49,CARENIUS,"{'KWS': '20', 'GABI': 'GW0020'}",GW0020
284,371,SLEJPNER,"{'KWS': '350', 'GABI': 'GW0356'}",GW0356
285,107,SCHAMANE,"{'KWS': '79', 'GABI': 'GW0076'}",GW0076
286,197,MERCATO,"{'KWS': '172', 'GABI': 'GW0168'}",GW0168
287,223,TOISONDOR,"{'KWS': '201', 'GABI': 'GW0200'}",GW0200
288,66,FORMAT,"{'KWS': '36', 'GABI': 'GW0036'}",GW0036
289,122,TORONTO,"{'KWS': '94', 'GABI': 'GW0089'}",GW0089
290,354,SW TATAROS,"{'KWS': '332', 'GABI': 'GW0334'}",GW0334
291,163,CATALAN,"{'KWS': '137', 'GABI': 'GW0133'}",GW0133
292,2,TAMARO,"{'DSP': '111.10830', 'GABI': 'GW0197'}",GW0197
293,283,TOWER,"{'KWS': '261', 'GABI': 'GW0263'}",GW0263
294,298,NARIDANA,"{'KWS': '276', 'GABI': 'GW0278'}",GW0278
295,353,WELFORD,"{'KWS': '331', 'GABI': 'GW0333'}",GW0333
296,24,ZENITH,{'DSP': '111.10002'},
297,453,COLMETTA,{'DSP': '111.14470'},
298,7,APACHE,{'GABI': 'GW0256'},GW0256
299,288,FREGATA,"{'KWS': '266', 'GABI': 'GW0268'}",GW0268
300,316,SW GNEJS,"{'KWS': '294', 'GABI': 'GW0296'}",GW0296
301,18,VANILNOIR,{'DSP': '111.14550'},
302,175,FOLIO,"{'KWS': '149', 'GABI': 'GW0146'}",GW0146
303,97,PAROLI,"{'KWS': '69', 'GABI': 'GW0067'}",GW0067
304,200,OCTET,"{'KWS': '175', 'GABI': 'GW0171'}",GW0171
305,311,APERITIV,"{'KWS': '289', 'GABI': 'GW0291'}",GW0291
306,290,KOBIERA,"{'KWS': '268', 'GABI': 'GW0270'}",GW0270
307,213,RAISON,"{'KWS': '188', 'GABI': 'GW0185'}",GW0185
308,15,GALAXIE,{},
309,22,LORENZO,{'DSP': '111.13805'},
310,12,JAZZI,{'DSP': '111.13940'},
311,374,VISCOUNT CPBT W 136,"{'KWS': '353', 'GABI': 'GW0361'}",GW0361
312,313,LARS,"{'KWS': '291', 'GABI': 'GW0293'}",GW0293
313,110,SKATER,"{'KWS': '82', 'GABI': 'GW0079'}",GW0079
314,266,ZANATAN,"{'KWS': '244', 'GABI': 'GW0243'}",GW0243
315,123,TRANSIT,"{'KWS': '95', 'GABI': 'GW0090'}",GW0090
316,380,MONSUN,"{'KWS': '359', 'GABI': 'GW0366'}",GW0366
317,31,ACTROS,"{'KWS': '1', 'GABI': 'GW0001'}",GW0001
318,225,VERSAILLES,"{'KWS': '203', 'GABI': 'GW0202'}",GW0202
319,279,CORSAIRE,"{'KWS': '257', 'GABI': 'GW0259'}",GW0259
320,55,CUBUS,"{'KWS': '26', 'GABI': 'GW0026'}",GW0026
321,329,DEBEN,"{'KWS': '307', 'GABI': 'GW0309'}",GW0309
322,388,BRYZA,"{'KWS': '367', 'GABI': 'GW0374'}",GW0374
323,387,TRAPPE,"{'KWS': '366', 'GABI': 'GW0373'}",GW0373
324,338,ISTABRAQ,"{'KWS': '316', 'GABI': 'GW0318'}",GW0318
325,45,BUSSARD,"{'KWS': '15', 'GABI': 'GW0015'}",GW0015
326,211,PYTAGOR,"{'KWS': '186', 'GABI': 'GW0183'}",GW0183
327,314,MARSHAL,"{'KWS': '292', 'GABI': 'GW0294'}",GW0294
328,280,ESTICA,"{'KWS': '258', 'GABI': 'GW0260'}",GW0260
329,336,HUMBER,"{'KWS': '314', 'GABI': 'GW0316'}",GW0316
330,277,XENOS,"{'KWS': '255', 'GABI': 'GW0255'}",GW0255
331,157,BASTIDE,"{'KWS': '130', 'GABI': 'GW0126'}",GW0126
332,68,HALDOR,"{'KWS': '38', 'GABI': 'GW0038'}",GW0038
333,252,CASSIOPEIA,"{'KWS': '230', 'GABI': 'GW0229'}",GW0229
334,129,ZENTOS,"{'KWS': '101', 'GABI': 'GW0096'}",GW0096
335,196,MENDEL,"{'KWS': '171', 'GABI': 'GW0167'}",GW0167
336,48,CAPNOR,"{'KWS': '18', 'GABI': 'GW0018'}",GW0018
337,301,OSTKA STRZELECKA,"{'KWS': '279', 'GABI': 'GW0281'}",GW0281
338,275,RAINER,"{'DSP': '191.10863', 'KWS': '253', 'GABI': 'GW0253'}",GW0253
339,103,QUEBON,"{'KWS': '75', 'GABI': 'GW0072'}",GW0072
340,337,HYPERION,"{'KWS': '315', 'GABI': 'GW0317'}",GW0317
341,251,BILL,"{'KWS': '229', 'GABI': 'GW0228'}",GW0228
342,216,SANKARA,"{'KWS': '192', 'GABI': 'GW0191'}",GW0191
343,51,CERTO,"{'KWS': '22', 'GABI': 'GW0022'}",GW0022
344,385,KWS AURUM LP 819.4.04,"{'KWS': '364', 'GABI': 'GW0371'}",GW0371
345,381,TAIFUN,"{'KWS': '360', 'GABI': 'GW0367'}",GW0367
346,327,CORDIALE,"{'KWS': '305', 'GABI': 'GW0307'}",GW0307
347,347,SOISSONS,"{'KWS': '325', 'GABI': 'GW0327'}",GW0327
348,477,CHILLY,{'DSP': '191.11578'},
349,478,Alomar STRU 080201S13,{'DSP': '191.11584'},
350,476,DIAVEL,{'DSP': '211.13880'},
351,472,CADLIMO,{'DSP': '111.15469'},
352,473,PIZNAIR,{'DSP': '111.15483'},
353,475,WITAL (ZISCA.5),{'DSP': '191.11609'},
354,474,RASICA,{'DSP': '111.15473'},
355,470,WIWA,{'DSP': '191.10610'},
356,536,APOSTEL,{'DSP': '191.11622'},
357,535,ALOMAR,{'DSP': '191.11584'},
358,532,RUSSI,{'DSP': '111.15619'},
359,534,POSMEDA & HANSWIN,{'DSP': '151.10212'},
360,537,TINZEN,{'DSP': '111.14758'},
361,533,CAMPANILE,{'DSP': '111.15797'},
362,11117056,111.17056,{},
363,11117076,111.17076,{},
364,11116923,111.16923,{},
365,11116870,111.1687,{},
366,11116917,111.16917,{},
367,11116991,111.16991,{},
368,11116970,111.1697,{},
369,11116941,111.16941,{},
370,11116942,111.16942,{},
371,11117084,111.17084,{},
372,11116951,111.16951,{},
373,614,EMBLEM (NEW),{},
374,601,BOREGAR ,{},
375,11116918,111.16918,{},
376,11117093,111.17093,{},
377,11117060,111.1706,{},
378,11116955,111.16955,{},
379,11116936,111.16936,{},
380,11117033,111.17033,{},
381,11117003,111.17003,{},
382,11116913,111.16913,{},
383,11117086,111.17086,{},
384,11117020,111.1702,{},
385,11116844,111.16844,{},
386,11116877,111.16877,{},
387,615,CAMPESINO,{},
388,593,GK SZILÁRD,{},
389,594,BOLOGNA,{},
390,606,BOVAL,{},
391,616,PARAGON RHTB1,{},
392,11117035,111.17035,{},
393,11117065,111.17065,{},
394,11116873,111.16873,{},
395,11116911,111.16911,{},
396,11116919,111.16919,{},
397,11116993,111.16993,{},
398,11117011,111.17011,{},
399,11116979,111.16979,{},
400,11116916,111.16916,{},
401,11117051,111.17051,{},
402,11116978,111.16978,{},
403,11117038,111.17038,{},
404,11117042,111.17042,{},
405,588,LG ABSALON,{},
406,589,NOGAL,{},
407,607,ARBOLA,{},
408,620,PARAGON WINTER RHTB1,{},
409,11116901,111.16901,{},
410,11116900,111.169,{},
411,11116988,111.16988,{},
412,11117018,111.17018,{},
413,11117027,111.17027,{},
414,11116960,111.1696,{},
415,582,CHEVIGNON,{},
416,548,MONTALBANO+BARETTA,{'DSP': '151.10210'},
417,617,PARAGON RHTD1,{},
418,11117043,111.17043,{},
419,11116897,111.16897,{},
420,11116999,111.16999,{},
421,11116876,111.16876,{},
422,11117009,111.17009,{},
423,11117021,111.17021,{},
424,11117028,111.17028,{},
425,11116992,111.16992,{},
426,11116912,111.16912,{},
427,11116954,111.16954,{},
428,11117062,111.17062,{},
429,11116937,111.16937,{},
430,21114400,211.144,{},
431,608,BISHORN,{},
432,544,AXEN,{'DSP': '111.15773'},
433,605,SARDONA,{},
434,600,OREGRAIN ,{},
435,11116962,111.16962,{},
436,11116958,111.16958,{},
437,11116886,111.16886,{},
438,11116968,111.16968,{},
439,11116895,111.16895,{},
440,11117024,111.17024,{},
441,11116965,111.16965,{},
442,11117074,111.17074,{},
443,11117048,111.17048,{},
444,11117002,111.17002,{},
445,11117013,111.17013,{},
446,11117068,111.17068,{},
447,487,APBH.5219-447 ,{'DSP': '142.10138'},
448,591,COSTELLO,{},
449,611,COLINTA,{},
450,11117069,111.17069,{},
451,11117081,111.17081,{},
452,11116935,111.16935,{},
453,11116938,111.16938,{},
454,11116963,111.16963,{},
455,11116898,111.16898,{},
456,11116867,111.16867,{},
457,11116950,111.1695,{},
458,11117067,111.17067,{},
459,11117041,111.17041,{},
460,21114492,211.14492,{},
461,11116874,111.16874,{},
462,11116908,111.16908,{},
463,590,TENOR,{},
464,587,RGT REFORM ,{},
465,11116869,111.16869,{},
466,11116939,111.16939,{},
467,11117022,111.17022,{},
468,11116972,111.16972,{},
469,11117083,111.17083,{},
470,11117075,111.17075,{},
471,11116987,111.16987,{},
472,11117017,111.17017,{},
473,11116994,111.16994,{},
474,11117034,111.17034,{},
475,11116996,111.16996,{},
476,11116899,111.16899,{},
477,621,PARAGON WINTER RHT8 ,{},
478,11116980,111.1698,{},
479,11116907,111.16907,{},
480,11117061,111.17061,{},
481,11117031,111.17031,{},
482,11116982,111.16982,{},
483,11116943,111.16943,{},
484,11116872,111.16872,{},
485,11116896,111.16896,{},
486,11117049,111.17049,{},
487,11117036,111.17036,{},
488,11116905,111.16905,{},
489,11117004,111.17004,{},
490,11116933,111.16933,{},
491,612,BIMIS,{},
492,583,AURELIUS,{},
493,604,EIGER,{},
494,325,CLAIRE,"{'KWS': '303', 'GABI': 'GW0305'}",GW0305
495,622,PARAGON WINTER RHT8 ,{},
496,11116986,111.16986,{},
497,11116906,111.16906,{},
498,11116956,111.16956,{},
499,11116875,111.16875,{},
500,11117063,111.17063,{},
501,11116927,111.16927,{},
502,11116934,111.16934,{},
503,11116957,111.16957,{},
504,11116998,111.16998,{},
505,11116920,111.1692,{},
506,11117087,111.17087,{},
507,11117044,111.17044,{},
508,11116881,111.16881,{},
509,610,APWE8.11,{},
510,619,PARAGON WINTER,{},
511,11117092,111.17092,{},
512,11116948,111.16948,{},
513,11117015,111.17015,{},
514,11116930,111.1693,{},
515,11116952,111.16952,{},
516,11116975,111.16975,{},
517,11117037,111.17037,{},
518,11117007,111.17007,{},
519,11116915,111.16915,{},
520,11116904,111.16904,{},
521,11117071,111.17071,{},
522,11116984,111.16984,{},
523,586,MV NADOR,{},
524,457,SIALA,{'DSP': '111.12753'},
525,595,PARAGON,{},
526,11116871,111.16871,{},
527,11116964,111.16964,{},
528,11116959,111.16959,{},
529,11117046,111.17046,{},
530,11117045,111.17045,{},
531,11117054,111.17054,{},
532,11116893,111.16893,{},
533,11116914,111.16914,{},
534,11116947,111.16947,{},
535,11116945,111.16945,{},
536,11117058,111.17058,{},
537,11117016,111.17016,{},
538,11116903,111.16903,{},
539,11117025,111.17025,{},
540,550,FORTERESSE,{'DSP': '211.13985'},
541,547,BONAVAU,{'DSP': '111.15903'},
542,596,KRONOS,{},
543,580,MOULIN,{},
544,11117008,111.17008,{},
545,11116882,111.16882,{},
546,21114480,211.1448,{},
547,11117053,111.17053,{},
548,11117001,111.17001,{},
549,11116868,111.16868,{},
550,623,KNORBERT,{},
551,11117079,111.17079,{},
552,11117064,111.17064,{},
553,11116949,111.16949,{},
554,11116884,111.16884,{},
555,11116940,111.1694,{},
556,546,ALPVAL,{'DSP': '111.15890'},
557,585,JULIE,{},
558,11116891,111.16891,{},
559,11116921,111.16921,{},
560,11116879,111.16879,{},
561,11117085,111.17085,{},
562,11117030,111.1703,{},
563,11116961,111.16961,{},
564,11116932,111.16932,{},
565,11117077,111.17077,{},
566,11117073,111.17073,{},
567,603,ZENTA,{},
568,618,PARAGON RHT8 ,{},
569,11116976,111.16976,{},
570,11117000,111.17,{},
571,11117082,111.17082,{},
572,11117019,111.17019,{},
573,11117040,111.1704,{},
574,11116890,111.1689,{},
575,11117094,111.17094,{},
576,11117032,111.17032,{},
577,11116966,111.16966,{},
578,11117039,111.17039,{},
579,11116969,111.16969,{},
580,11117050,111.1705,{},
581,592,SKYFALL,{},
582,584,DAGMAR,{},
583,581,PERNEL,{},
584,11116924,111.16924,{},
585,11117023,111.17023,{},
586,11116929,111.16929,{},
587,11116883,111.16883,{},
588,11116990,111.1699,{},
589,11116928,111.16928,{},
590,11116997,111.16997,{},
591,21114507,211.14507,{},
592,11116989,111.16989,{},
593,11116880,111.1688,{},
594,11117029,111.17029,{},
595,11116878,111.16878,{},
596,11117055,111.17055,{},
597,609,BODELI,{},
598,597,CADENZA,{},
599,11116946,111.16946,{},
600,11116995,111.16995,{},
601,11117026,111.17026,{},
602,11117057,111.17057,{},
603,11116931,111.16931,{},
604,11116967,111.16967,{},
605,11117066,111.17066,{},
606,11116926,111.16926,{},
607,11117047,111.17047,{},
608,11116887,111.16887,{},
609,11117090,111.1709,{},
610,11117014,111.17014,{},
611,11116971,111.16971,{},
612,11116888,111.16888,{},
613,11116892,111.16892,{},
614,11117080,111.1708,{},
615,11116953,111.16953,{},
616,11117012,111.17012,{},
617,11116977,111.16977,{},
618,11117072,111.17072,{},
619,11117052,111.17052,{},
620,11116910,111.1691,{},
621,11116983,111.16983,{},
622,11117089,111.17089,{},
623,613,BLICKFANG,{},
624,599,TRAPEZ ,{},
625,598,ALLEZ_Y ,{},
626,11117088,111.17088,{},
627,11117059,111.17059,{},
628,11117006,111.17006,{},
629,11116922,111.16922,{},
630,11117010,111.1701,{},
631,11116944,111.16944,{},
632,11116902,111.16902,{},
633,11117070,111.1707,{},
634,11116925,111.16925,{},
635,11116885,111.16885,{},
636,11116985,111.16985,{},
637,11117005,111.17005,{},
638,11116909,111.16909,{},
639,11116974,111.16974,{},
640,11116981,111.16981,{},
641,11117293,111.17293,{},
642,666,EVERY,{},
643,664,AXEN & 211.14074,{},
644,576,TOP,{},
645,577,TALENT,{},
646,602,FLINOR,{},
647,575,CAPITOLE-VILMORIN,{},
648,578,FIDEL,{},
649,579,ARINALRFOR,{},
650,11117105,111.17105,{},
651,11117197,111.17197,{},
652,11117278,111.17278,{},
653,11117190,111.17190,{},
654,11117200,111.17200,{},
655,21114573,211.14573,{},
656,11117158,111.17158,{},
657,11116973,111.16973,{},
658,11117265,111.17265,{},
659,11117279,111.17279,{},
660,11117248,111.17248,{},
661,11117311,111.17311,{},
662,11117128,111.17128,{},
663,11117097,111.17097,{},
664,11117288,111.17288,{},
665,11117209,111.17209,{},
666,11117231,111.17231,{},
667,11117193,111.17193,{},
668,11117267,111.17267,{},
669,11117312,111.17312,{},
670,11117243,111.17243,{},
671,11117207,111.17207,{},
672,11117320,111.17320,{},
673,21114608,211.14608,{},
674,11117108,111.17108,{},
675,11117292,111.17292,{},
676,11117313,111.17313,{},
677,21114591,211.14591,{},
678,11117210,111.17210,{},
679,11117173,111.17173,{},
680,11117274,111.17274,{},
681,11117290,111.17290,{},
682,11117147,111.17147,{},
683,11117261,111.17261,{},
684,11117263,111.17263,{},
685,11117153,111.17153,{},
686,11117245,111.17245,{},
687,11117270,111.17270,{},
688,21114600,211.14600,{},
689,11117237,111.17237,{},
690,11117159,111.17159,{},
691,11117216,111.17216,{},
692,11117134,111.17134,{},
693,11117275,111.17275,{},
694,11117220,111.17220,{},
695,11117131,111.17131,{},
696,11117236,111.17236,{},
697,11117257,111.17257,{},
698,11117273,111.17273,{},
699,11117113,111.17113,{},
700,11117264,111.17264,{},
701,11117120,111.17120,{},
702,11117262,111.17262,{},
703,11117230,111.17230,{},
704,11117252,111.17252,{},
705,11117218,111.17218,{},
706,11117235,111.17235,{},
707,11117198,111.17198,{},
708,11117251,111.17251,{},
709,11117196,111.17196,{},
710,11117203,111.17203,{},
711,11117146,111.17146,{},
712,11117254,111.17254,{},
713,11117253,111.17253,{},
714,11117250,111.17250,{},
715,11117298,111.17298,{},
716,11117138,111.17138,{},
717,21114614,211.14614,{},
718,11117143,111.17143,{},
719,11117246,111.17246,{},
720,11117256,111.17256,{},
721,11117165,111.17165,{},
722,11117185,111.17185,{},
723,11117217,111.17217,{},
724,21114613,211.14613,{},
725,11117244,111.17244,{},
726,11117271,111.17271,{},
727,11117317,111.17317,{},
728,11117150,111.17150,{},
729,11117240,111.17240,{},
730,11117287,111.17287,{},
731,11117188,111.17188,{},
732,11117098,111.17098,{},
733,11117295,111.17295,{},
734,11117211,111.17211,{},
735,11117276,111.17276,{},
736,11117229,111.17229,{},
737,21114610,211.14610,{},
738,11117103,111.17103,{},
739,21114559,211.14559,{},
740,11117234,111.17234,{},
741,11117166,111.17166,{},
742,11117199,111.17199,{},
743,11117162,111.17162,{},
744,11117208,111.17208,{},
745,21114589,211.14589,{},
746,11117258,111.17258,{},
747,11117289,111.17289,{},
748,11117176,111.17176,{},
749,11117192,111.17192,{},
750,11117195,111.17195,{},
751,11117194,111.17194,{},
752,11117117,111.17117,{},
753,11117163,111.17163,{},
754,11117177,111.17177,{},
755,11117155,111.17155,{},
756,21114587,211.14587,{},
757,11117249,111.17249,{},
758,21114598,211.14598,{},
759,11117201,111.17201,{},
760,11117247,111.17247,{},
761,11117238,111.17238,{},
762,11117259,111.17259,{},
763,11117206,111.17206,{},
764,21114593,211.14593,{},
765,11117307,111.17307,{},
766,11117107,111.17107,{},
767,11117114,111.17114,{},
768,11117227,111.17227,{},
769,11117116,111.17116,{},
770,11117297,111.17297,{},
771,11117303,111.17303,{},
772,11117302,111.17302,{},
773,11117286,111.17286,{},
774,11117149,111.17149,{},
775,21114585,211.14585,{},
776,11117167,111.17167,{},
777,11117140,111.17140,{},
778,11117170,111.17170,{},
779,11117126,111.17126,{},
780,11117266,111.17266,{},
781,21114596,211.14596,{},
782,11117223,111.17223,{},
783,11117157,111.17157,{},
784,11117144,111.17144,{},
785,11117178,111.17178,{},
786,11117300,111.17300,{},
787,11117255,111.17255,{},
788,11117111,111.17111,{},
789,11117291,111.17291,{},
790,11117123,111.17123,{},
791,11117268,111.17268,{},
792,11117318,111.17318,{},
793,11117186,111.17186,{},
794,11117204,111.17204,{},
795,11117202,111.17202,{},
796,11117180,111.17180,{},
797,11117233,111.17233,{},
798,11117310,111.17310,{},
799,11117205,111.17205,{},
800,11117189,111.17189,{},
801,11117118,111.17118,{},
802,11117299,111.17299,{},
803,11117156,111.17156,{},
804,11117145,111.17145,{},
805,21114615,211.14615,{},
806,11117151,111.17151,{},
807,11117283,111.17283,{},
808,11117269,111.17269,{},
809,11117219,111.17219,{},
810,11117137,111.17137,{},
811,11117152,111.17152,{},
812,11117112,111.17112,{},
813,11117174,111.17174,{},
814,11117296,111.17296,{},
815,11117315,111.17315,{},
816,11117224,111.17224,{},
817,11117301,111.17301,{},
818,11117226,111.17226,{},
819,11117242,111.17242,{},
820,11117314,111.17314,{},
821,11117183,111.17183,{},
822,11117321,111.17321,{},
823,11117282,111.17282,{},
824,11117215,111.17215,{},
825,11117260,111.17260,{},
826,11117319,111.17319,{},
827,11117272,111.17272,{},
828,11117141,111.17141,{},
829,11117132,111.17132,{},
830,11117228,111.17228,{},
831,11117135,111.17135,{},
832,11116889,111.16889,{},
833,11117280,111.17280,{},
834,11117078,111.17078,{},
835,11117316,111.17316,{},
836,11117133,111.17133,{},
837,11117305,111.17305,{},
838,11117168,111.17168,{},
839,11117127,111.17127,{},
840,11117182,111.17182,{},
841,11117306,111.17306,{},
842,11117122,111.17122,{},
843,11117154,111.17154,{},
844,11117212,111.17212,{},
845,11117221,111.17221,{},
846,11117125,111.17125,{},
847,11117136,111.17136,{},
848,11117309,111.17309,{},
849,11117179,111.17179,{},
850,11117222,111.17222,{},
851,11117172,111.17172,{},
852,21114619,211.14619,{},
853,11117232,111.17232,{},
854,11117115,111.17115,{},
855,11117304,111.17304,{},
856,11117214,111.17214,{},
857,11117169,111.17169,{},
858,11117100,111.17100,{},
859,11117171,111.17171,{},
860,11117184,111.17184,{},
861,11117281,111.17281,{},
862,11117308,111.17308,{},
863,11117130,111.17130,{},
864,11117124,111.17124,{},
865,11117213,111.17213,{},
866,11117191,111.17191,{},
867,11117285,111.17285,{},
868,11117175,111.17175,{},
869,11117225,111.17225,{},
870,11117241,111.17241,{},
871,21114599,211.14599,{},
872,11117284,111.17284,{},
873,11116894,111.16894,{},
874,11117164,111.17164,{},
875,11117142,111.17142,{},
876,11117129,111.17129,{},
877,11117181,111.17181,{},
878,21114630,211.14630,{},
879,11117239,111.17239,{},
880,11117160,111.17160,{},
881,11117277,111.17277,{},
882,11117139,111.17139,{},
883,663,CAMINADA,{},
884,665,BRAGA,{},
885,11117095,111.17095,{},
886,11117101,111.17101,{},
887,11117106,111.17106,{},
888,11117096,111.17096,{},
889,11117110,111.17110,{},
890,11117099,111.17099,{},
891,11117104,111.17104,{},
892,11117102,111.17102,{},
